{
  "urls": [
    "output.webm",
    "output.mp3"
  ],
  "sprite": {
    "bzuk": [
      0,
      5067.755102040816
    ],
    "chivava": [
      7000,
      1705.1700680272113
    ],
    "dinosuar": [
      10000,
      2597.369614512472
    ],
    "dlouhy_slon": [
      14000,
      3858.5487528344656
    ],
    "hellou": [
      19000,
      1515.102040816327
    ],
    "jelen": [
      22000,
      7742.834467120183
    ],
    "kachna": [
      31000,
      6135.215419501136
    ],
    "kon": [
      39000,
      9954.195011337866
    ],
    "kote": [
      50000,
      7530.249433106575
    ],
    "koza": [
      59000,
      585.759637188211
    ],
    "lidi": [
      61000,
      2115.9183673469356
    ],
    "lion": [
      65000,
      6559.727891156455
    ],
    "moskit": [
      73000,
      13949.387755102038
    ],
    "rururara": [
      88000,
      2304.217687074825
    ],
    "slon": [
      92000,
      1497.6870748299261
    ],
    "slonolev": [
      95000,
      2910.702947845806
    ],
    "sovicka": [
      99000,
      12904.489795918365
    ],
    "velryba": [
      113000,
      10483.809523809527
    ],
    "vlk": [
      125000,
      4007.981859410421
    ]
  }
}