{
  "urls": [
    "output.webm",
    "output.mp3"
  ],
  "sprite": {
    "111075__soundbytez__green-winged-macaw 2": [
      0,
      1452.562358276644
    ],
    "127017__eelke__electronic-insect-droid-destruct-fx 2": [
      3000,
      4994.739229024943
    ],
    "139052__jasher70__elephant-scream 2": [
      9000,
      1497.6870748299316
    ],
    "161303__robinhood76__03498-fake-cat 2": [
      12000,
      7530.249433106575
    ],
    "212764__qubodup__lion-roar": [
      21000,
      6559.727891156463
    ],
    "346141__cclaretc__baby-parrot 2": [
      29000,
      6135.215419501136
    ],
    "395407__littlerainyseasons__laugh-track-4 2": [
      37000,
      2115.9183673469356
    ],
    "396333__savvahsjuhengof__mosquito-buzz 2": [
      41000,
      13881.315192743763
    ],
    "437975__craigsmith__g12-42-artificial-animal-growls 2": [
      56000,
      7742.834467120183
    ],
    "439520__inspectorj__green-toy-pig-squeaking-a": [
      65000,
      585.7596371882039
    ],
    "442879__qubodup__elephant-scream-fake 2": [
      67000,
      2910.702947845806
    ],
    "445119__breviceps__animal-cartoon-cooing-curr 2": [
      71000,
      2304.217687074825
    ],
    "445120__breviceps__cartoon-chihuahua-snarl 2": [
      75000,
      1705.1700680272147
    ],
    "474360__mr-jj__dove-like-bird-cooing 2": [
      78000,
      12829.024943310656
    ],
    "479749__craigsmith__r14-14-fake-horse 2": [
      92000,
      9954.195011337873
    ],
    "479749__craigsmith__r14-14-fake-horse 3": [
      103000,
      7894.716553287978
    ],
    "57682__sound-master__animal-2-horror": [
      112000,
      2597.369614512473
    ],
    "60087__lone-wolf__animalgrowl 3": [
      116000,
      4007.9818594104354
    ],
    "72464__rockwehrmann__elephant12": [
      122000,
      3858.5487528344656
    ]
  }
}