{
  "urls": [
    "output.webm",
    "output.mp3"
  ],
  "sprite": {
    "bzuk": [
      0,
      5067.755102040816
    ],
    "chivava": [
      7000,
      1705.1700680272113
    ],
    "dinosaur": [
      10000,
      2597.369614512472
    ],
    "dlouhyslon": [
      14000,
      3858.5487528344656
    ],
    "hellou": [
      19000,
      1515.102040816327
    ],
    "jelen": [
      22000,
      7742.834467120183
    ],
    "kachna": [
      31000,
      6135.215419501136
    ],
    "kon": [
      39000,
      9954.195011337866
    ],
    "kote1": [
      50000,
      2033.1065759637213
    ],
    "kote2": [
      54000,
      2093.5827664399085
    ],
    "kote3": [
      58000,
      3640.3854875283414
    ],
    "koza": [
      63000,
      1745.3741496598668
    ],
    "lidi": [
      66000,
      2115.9183673469356
    ],
    "lion": [
      70000,
      6559.727891156455
    ],
    "moskit": [
      78000,
      13949.387755102038
    ],
    "rururara": [
      93000,
      2304.217687074825
    ],
    "slon": [
      97000,
      1497.6870748299261
    ],
    "slonolev": [
      100000,
      2910.702947845806
    ],
    "sovicka": [
      104000,
      12904.489795918365
    ],
    "velryba": [
      118000,
      7030.6575963718815
    ],
    "vlk": [
      127000,
      4007.981859410421
    ]
  }
}